,OPEN,HIGH,LOW,CLOSE,RSI
2013-08-26 00:00:00.005,3265.241,3328.767,3249.862,3327.694,0.0
2013-08-27 00:00:00.005,3339.06,3390.383,3333.298,3379.058,0.0
2013-08-28 00:00:00.005,3381.665,3436.528,3358.008,3410.517,0.0
2013-08-29 00:00:00.005,3434.641,3453.021,3418.517,3444.081,0.0
2013-08-30 00:00:00.005,3477.131,3554.825,3474.191,3530.468,0.0
2013-09-02 00:00:00.005,3581.395,3589.119,3460.236,3511.456,0.0
2013-09-03 00:00:00.005,3487.869,3528.693,3468.279,3514.527,0.0
2013-09-04 00:00:00.005,3522.465,3559.143,3507.749,3547.151,0.0
2013-09-05 00:00:00.005,3533.304,3561.997,3503.564,3549.845,0.0
2013-09-06 00:00:00.005,3545.213,3638.721,3545.213,3629.863,0.0
2013-09-09 00:00:00.005,3667.047,3742.272,3646.331,3731.527,0.0
2013-09-10 00:00:00.005,3714.416,3883.344,3706.879,3850.739,0.0
2013-09-11 00:00:00.005,3863.071,3907.356,3830.986,3860.4,0.0
2013-09-12 00:00:00.005,3840.589,3878.022,3815.276,3865.495,0.0
2013-09-13 00:00:00.005,3865.231,3882.501,3782.832,3815.189,0.0
2013-09-16 00:00:00.005,3806.694,3832.413,3785.702,3797.089,0.0
2013-09-17 00:00:00.005,3795.508,3795.508,3674.292,3677.054,0.0
2013-09-18 00:00:00.005,3672.345,3730.122,3672.345,3712.512,0.0
2013-09-23 00:00:00.005,3720.646,3781.341,3716.316,3768.298,0.0
2013-09-24 00:00:00.005,3752.168,3817.266,3719.573,3804.542,0.0
2013-09-25 00:00:00.005,3799.595,3836.703,3741.888,3758.049,0.0
2013-09-26 00:00:00.005,3720.497,3720.497,3614.51,3618.392,0.0
2013-09-27 00:00:00.005,3570.679,3610.261,3570.679,3597.656,0.0
2013-09-30 00:00:00.005,3608.439,3635.533,3603.224,3632.084,0.0
2013-10-08 00:00:00.005,3643.319,3698.945,3619.012,3698.515,0.0
2013-10-09 00:00:00.005,3692.957,3739.156,3676.614,3737.731,0.0
2013-10-10 00:00:00.005,3749.457,3749.457,3674.823,3688.588,0.0
2013-10-11 00:00:00.005,3705.908,3774.221,3703.627,3771.572,0.0
2013-10-14 00:00:00.005,3783.533,3825.335,3768.186,3824.33,0.0
2013-10-15 00:00:00.005,3817.692,3836.453,3783.453,3824.206,0.0
2013-10-16 00:00:00.005,3810.704,3810.704,3693.419,3712.805,0.0
2013-10-17 00:00:00.005,3729.828,3752.625,3692.752,3700.415,0.0
2013-10-18 00:00:00.005,3698.813,3706.929,3676.73,3690.04,0.0
2013-10-21 00:00:00.005,3696.553,3759.353,3676.863,3757.885,0.0
2013-10-22 00:00:00.005,3756.023,3767.579,3711.724,3729.51,0.0
2013-10-23 00:00:00.005,3729.917,3761.186,3664.871,3685.756,0.0
2013-10-24 00:00:00.005,3675.104,3684.483,3648.249,3657.585,0.0
2013-10-25 00:00:00.005,3654.821,3664.44,3570.75,3584.454,0.0
2013-10-28 00:00:00.005,3585.494,3603.977,3570.351,3596.591,0.0
2013-10-29 00:00:00.005,3598.223,3633.967,3508.953,3594.256,0.0
2013-10-30 00:00:00.005,3584.841,3681.058,3582.383,3679.11,0.0
2013-10-31 00:00:00.005,3665.409,3673.889,3638.549,3644.415,0.0
2013-11-01 00:00:00.005,3642.789,3675.386,3622.704,3657.125,0.0
2013-11-04 00:00:00.005,3666.028,3677.128,3645.608,3661.224,0.0
2013-11-05 00:00:00.005,3641.615,3684.498,3611.161,3683.601,0.0
2013-11-06 00:00:00.005,3668.325,3685.838,3631.241,3636.554,0.0
2013-11-07 00:00:00.005,3624.469,3650.205,3608.894,3621.635,0.0
2013-11-08 00:00:00.005,3614.105,3634.098,3581.972,3588.099,0.0
2013-11-11 00:00:00.005,3581.019,3594.287,3540.362,3563.498,0.0
2013-11-12 00:00:00.005,3564.923,3586.52,3553.436,3579.499,0.0
2013-11-13 00:00:00.005,3562.42,3562.42,3493.631,3495.165,0.0
2013-11-14 00:00:00.005,3494.433,3516.26,3466.551,3514.655,0.0
2013-11-15 00:00:00.005,3517.345,3616.061,3517.142,3577.499,0.0
2013-11-18 00:00:00.005,3597.528,3669.737,3588.121,3669.737,0.0
2013-11-19 00:00:00.005,3667.71,3691.628,3653.381,3679.962,0.0
2013-11-20 00:00:00.005,3685.47,3714.68,3663.5,3712.701,0.0
2013-11-21 00:00:00.005,3694.793,3736.443,3677.905,3725.07,0.0
2013-11-22 00:00:00.005,3732.435,3734.217,3680.391,3688.341,0.0
2013-11-25 00:00:00.005,3681.1,3720.463,3677.876,3693.705,0.0
2013-11-26 00:00:00.005,3709.3,3724.276,3696.27,3707.887,0.0
2013-11-27 00:00:00.005,3706.237,3751.872,3701.064,3740.634,0.0
2013-11-28 00:00:00.005,3742.742,3777.105,3738.315,3759.336,0.0
2013-11-29 00:00:00.005,3759.158,3764.361,3737.691,3760.499,0.0
2013-12-02 00:00:00.005,3723.242,3774.783,3645.692,3686.946,0.0
2013-12-03 00:00:00.005,3679.927,3754.621,3674.518,3747.702,0.0
2013-12-04 00:00:00.005,3744.194,3862.9,3738.101,3845.266,0.0
2013-12-05 00:00:00.005,3858.308,3869.731,3828.578,3846.945,0.0
2013-12-06 00:00:00.005,3833.609,3840.392,3804.568,3818.007,0.0
2013-12-09 00:00:00.005,3826.579,3844.111,3813.609,3823.673,0.0
2013-12-10 00:00:00.005,3831.404,3871.294,3826.653,3841.25,0.0
2013-12-11 00:00:00.005,3822.184,3825.271,3758.406,3782.101,0.0
2013-12-12 00:00:00.005,3771.568,3799.049,3764.698,3774.442,0.0
2013-12-13 00:00:00.005,3756.717,3791.569,3750.641,3785.413,0.0
2013-12-16 00:00:00.005,3784.046,3792.407,3707.852,3710.266,0.0
2013-12-17 00:00:00.005,3708.589,3719.928,3670.569,3682.244,0.0
2013-12-18 00:00:00.005,3687.628,3693.442,3655.412,3666.631,0.0
2013-12-19 00:00:00.005,3677.796,3690.225,3632.729,3638.899,0.0
2013-12-20 00:00:00.005,3639.183,3649.672,3586.708,3607.031,0.0
2013-12-23 00:00:00.005,3603.375,3610.752,3554.496,3578.119,0.0
2013-12-24 00:00:00.005,3591.339,3625.307,3561.783,3586.932,0.0
2013-12-25 00:00:00.005,3588.941,3599.725,3572.418,3596.652,0.0
2013-12-26 00:00:00.005,3587.06,3588.158,3527.476,3532.227,0.0
2013-12-27 00:00:00.005,3533.192,3594.098,3526.533,3576.894,0.0
2013-12-30 00:00:00.005,3588.621,3599.952,3571.155,3573.814,0.0
2013-12-31 00:00:00.005,3564.607,3604.429,3558.918,3596.744,0.0
2014-01-02 00:00:00.005,3590.662,3594.727,3573.148,3584.358,0.0
2014-01-03 00:00:00.005,3569.051,3569.989,3516.779,3537.143,0.0
2014-01-06 00:00:00.005,3524.392,3524.427,3408.825,3412.508,0.0
2014-01-07 00:00:00.005,3393.362,3457.374,3384.468,3429.687,0.0
2014-01-08 00:00:00.005,3429.334,3452.277,3394.756,3401.563,0.0
2014-01-09 00:00:00.005,3398.182,3429.704,3373.164,3379.764,0.0
2014-01-10 00:00:00.005,3372.274,3378.793,3330.732,3344.731,0.0
2014-01-13 00:00:00.005,3346.745,3369.409,3315.479,3336.926,0.0
2014-01-14 00:00:00.005,3334.233,3366.667,3312.361,3366.262,0.0
2014-01-15 00:00:00.005,3361.93,3361.93,3328.741,3356.122,0.0
2014-01-16 00:00:00.005,3354.807,3376.502,3338.277,3361.105,0.0
2014-01-17 00:00:00.005,3346.988,3346.988,3296.56,3303.442,0.0
2014-01-20 00:00:00.005,3300.59,3308.686,3278.647,3293.665,0.0
2014-01-21 00:00:00.005,3298.987,3336.539,3298.987,3330.003,0.0
2014-01-22 00:00:00.005,3336.71,3418.078,3335.079,3415.644,0.0
2014-01-23 00:00:00.005,3416.094,3420.055,3390.321,3402.462,0.0
2014-01-24 00:00:00.005,3400.085,3442.433,3397.371,3424.118,0.0
2014-01-27 00:00:00.005,3404.964,3404.964,3375.289,3381.668,0.0
2014-01-28 00:00:00.005,3382.672,3407.541,3374.815,3403.063,0.0
2014-01-29 00:00:00.005,3405.784,3412.851,3394.135,3408.263,0.0
2014-01-30 00:00:00.005,3402.958,3402.958,3380.473,3383.784,0.0
2014-02-07 00:00:00.005,3367.393,3409.523,3357.512,3409.465,0.0
2014-02-10 00:00:00.005,3415.153,3478.349,3414.963,3476.028,0.0
2014-02-11 00:00:00.005,3470.996,3522.293,3466.269,3515.959,0.0
2014-02-12 00:00:00.005,3516.759,3534.123,3507.872,3529.695,0.0
2014-02-13 00:00:00.005,3529.138,3541.279,3500.813,3504.904,0.0
2014-02-14 00:00:00.005,3507.007,3555.153,3504.386,3551.659,0.0
2014-02-17 00:00:00.005,3573.809,3582.174,3530.889,3560.199,0.0
2014-02-18 00:00:00.005,3555.017,3555.017,3509.09,3525.207,0.0
2014-02-19 00:00:00.005,3522.146,3563.669,3514.005,3550.622,0.0
2014-02-20 00:00:00.005,3553.019,3587.149,3530.004,3544.217,0.0
2014-02-21 00:00:00.005,3540.554,3540.554,3469.375,3492.709,0.0
2014-02-24 00:00:00.005,3475.947,3475.947,3407.337,3427.7,0.0
2014-02-25 00:00:00.005,3427.272,3440.353,3341.432,3352.921,0.0
2014-02-26 00:00:00.005,3344.554,3356.075,3313.213,3355.87,0.0
2014-02-27 00:00:00.005,3358.252,3382.688,3344.729,3361.234,0.0
2014-02-28 00:00:00.005,3362.14,3378.703,3323.494,3376.857,0.0
2014-03-03 00:00:00.005,3373.451,3449.393,3364.213,3447.657,0.0
2014-03-04 00:00:00.005,3430.027,3441.165,3396.487,3435.273,0.0
2014-03-05 00:00:00.005,3439.511,3447.589,3403.213,3408.877,0.0
2014-03-06 00:00:00.005,3405.82,3421.447,3377.819,3414.473,0.0
2014-03-07 00:00:00.005,3405.052,3427.329,3378.225,3393.336,0.0
2014-03-10 00:00:00.005,3370.577,3370.577,3281.25,3289.706,0.0
2014-03-11 00:00:00.005,3278.51,3295.017,3251.493,3277.486,0.0
2014-03-12 00:00:00.005,3270.162,3284.631,3224.395,3259.068,0.0
2014-03-13 00:00:00.005,3261.955,3302.798,3260.934,3296.708,0.0
2014-03-14 00:00:00.005,3281.614,3283.078,3243.294,3267.167,0.0
2014-03-17 00:00:00.005,3270.965,3297.391,3256.529,3295.751,0.0
2014-03-18 00:00:00.005,3297.671,3326.545,3293.523,3311.346,0.0
2014-03-19 00:00:00.005,3303.175,3308.511,3271.054,3307.509,0.0
2014-03-20 00:00:00.005,3301.547,3327.392,3257.017,3258.532,0.0
2014-03-21 00:00:00.005,3249.789,3338.825,3244.856,3336.659,0.0
2014-03-24 00:00:00.005,3341.194,3394.197,3339.752,3384.882,0.0
2014-03-25 00:00:00.005,3399.875,3450.021,3398.676,3431.53,0.0
2014-03-26 00:00:00.005,3443.794,3460.893,3411.989,3421.79,0.0
2014-03-27 00:00:00.005,3410.942,3437.024,3378.837,3391.559,0.0
2014-03-28 00:00:00.005,3391.991,3418.608,3375.533,3387.251,0.0
2014-03-31 00:00:00.005,3395.034,3402.568,3336.589,3352.708,0.0
2014-04-01 00:00:00.005,3349.969,3385.121,3342.68,3377.852,0.0
2014-04-02 00:00:00.005,3382.36,3394.64,3372.935,3387.869,0.0
2014-04-03 00:00:00.005,3403.044,3407.917,3343.899,3353.94,0.0
2014-04-04 00:00:00.005,3345.702,3383.061,3337.376,3379.615,0.0
2014-04-08 00:00:00.005,3367.968,3418.106,3365.221,3415.877,0.0
2014-04-09 00:00:00.005,3426.622,3438.87,3413.856,3431.066,0.0
2014-04-10 00:00:00.005,3433.969,3515.753,3424.85,3495.267,0.0
2014-04-11 00:00:00.005,3494.153,3513.85,3480.916,3500.856,0.0
2014-04-14 00:00:00.005,3497.412,3504.129,3469.855,3493.53,0.0
2014-04-15 00:00:00.005,3483.912,3483.912,3450.963,3459.981,0.0
2014-04-16 00:00:00.005,3450.2,3468.632,3435.565,3456.024,0.0
2014-04-17 00:00:00.005,3459.782,3464.374,3442.548,3455.908,0.0
2014-04-18 00:00:00.005,3443.96,3456.543,3431.511,3454.337,0.0
2014-04-21 00:00:00.005,3431.206,3454.366,3385.734,3388.044,0.0
2014-04-22 00:00:00.005,3383.177,3411.238,3369.237,3402.807,0.0
2014-04-23 00:00:00.005,3396.016,3399.399,3372.433,3386.349,0.0
2014-04-24 00:00:00.005,3378.498,3392.644,3363.935,3365.971,0.0
2014-04-25 00:00:00.005,3370.99,3381.833,3328.086,3331.786,0.0
2014-04-28 00:00:00.005,3336.321,3339.181,3274.372,3280.514,0.0
2014-04-29 00:00:00.005,3282.072,3313.11,3267.351,3309.971,0.0
2014-04-30 00:00:00.005,3311.78,3358.752,3303.812,3358.225,0.0
2014-05-05 00:00:00.005,3354.727,3372.602,3341.946,3370.371,0.0
2014-05-06 00:00:00.005,3366.936,3390.886,3360.172,3374.462,0.0
2014-05-07 00:00:00.005,3369.417,3370.395,3336.838,3342.23,0.0
2014-05-08 00:00:00.005,3337.565,3388.383,3334.227,3354.104,0.0
2014-05-09 00:00:00.005,3358.507,3362.71,3324.564,3340.216,0.0
2014-05-12 00:00:00.005,3364.928,3418.803,3353.072,3414.16,0.0
2014-05-13 00:00:00.005,3411.23,3424.153,3394.571,3416.867,0.0
2014-05-14 00:00:00.005,3411.48,3429.625,3404.439,3416.086,0.0
2014-05-15 00:00:00.005,3410.533,3416.376,3374.704,3377.564,0.0
2014-05-16 00:00:00.005,3376.524,3396.054,3359.947,3391.894,0.0
2014-05-19 00:00:00.005,3384.775,3384.775,3341.994,3355.603,0.0
2014-05-20 00:00:00.005,3365.564,3377.958,3341.398,3351.158,0.0
2014-05-21 00:00:00.005,3339.849,3376.241,3322.238,3374.808,0.0
2014-05-22 00:00:00.005,3374.422,3403.719,3366.523,3370.102,0.0
2014-05-23 00:00:00.005,3365.789,3376.581,3350.809,3375.805,0.0
2014-05-26 00:00:00.005,3386.772,3389.357,3366.327,3378.499,0.0
2014-05-27 00:00:00.005,3373.695,3376.621,3357.782,3362.662,0.0
2014-05-28 00:00:00.005,3361.19,3380.341,3344.166,3374.903,0.0
2014-05-29 00:00:00.005,3375.791,3377.796,3346.059,3348.756,0.0
2014-05-30 00:00:00.005,3346.179,3356.82,3331.935,3343.721,0.0
2014-06-03 00:00:00.005,3345.839,3356.818,3334.61,3334.61,0.0
2014-06-04 00:00:00.005,3335.991,3336.85,3300.364,3317.46,0.0
2014-06-05 00:00:00.005,3313.352,3343.8,3306.33,3342.207,0.0
2014-06-06 00:00:00.005,3339.391,3340.618,3311.603,3327.583,0.0
2014-06-09 00:00:00.005,3322.272,3340.174,3309.819,3313.834,0.0
2014-06-10 00:00:00.005,3320.895,3355.644,3315.074,3354.971,0.0
2014-06-11 00:00:00.005,3355.933,3369.506,3350.681,3367.302,0.0
2014-06-12 00:00:00.005,3369.29,3383.942,3361.006,3366.14,0.0
2014-06-13 00:00:00.005,3352.861,3382.675,3342.195,3371.768,0.0
2014-06-16 00:00:00.005,3368.004,3398.115,3363.256,3395.448,0.0
2014-06-17 00:00:00.005,3385.151,3385.151,3358.198,3363.414,0.0
2014-06-18 00:00:00.005,3357.916,3362.541,3330.481,3334.119,0.0
2014-06-19 00:00:00.005,3334.157,3339.476,3272.477,3283.663,0.0
2014-06-20 00:00:00.005,3281.337,3302.751,3278.053,3300.65,0.0
2014-06-23 00:00:00.005,3285.295,3295.774,3273.605,3275.178,0.0
2014-06-24 00:00:00.005,3277.109,3297.611,3275.256,3294.971,0.0
2014-06-25 00:00:00.005,3290.469,3291.387,3269.31,3278.358,0.0
2014-06-26 00:00:00.005,3278.924,3305.573,3275.919,3297.133,0.0
2014-06-27 00:00:00.005,3291.808,3319.069,3282.328,3308.726,0.0
2014-06-30 00:00:00.005,3311.76,3328.429,3308.371,3323.329,0.0
2014-07-01 00:00:00.005,3325.203,3339.7,3313.821,3339.446,0.0
2014-07-02 00:00:00.005,3332.33,3354.737,3315.105,3353.191,0.0
2014-07-03 00:00:00.005,3355.648,3393.21,3345.258,3382.757,0.0
2014-07-04 00:00:00.005,3376.731,3376.731,3340.686,3349.524,0.0
2014-07-07 00:00:00.005,3348.795,3351.214,3329.548,3343.907,0.0
2014-07-08 00:00:00.005,3344.71,3369.988,3331.392,3369.421,0.0
2014-07-09 00:00:00.005,3367.631,3367.631,3317.967,3321.427,0.0
2014-07-10 00:00:00.005,3317.925,3352.19,3312.272,3336.81,0.0
2014-07-11 00:00:00.005,3332.436,3366.171,3331.533,3360.449,0.0
2014-07-14 00:00:00.005,3361.506,3399.895,3360.263,3398.846,0.0
2014-07-15 00:00:00.005,3395.291,3399.829,3374.589,3390.041,0.0
2014-07-16 00:00:00.005,3387.093,3438.44,3383.195,3429.569,0.0
2014-07-17 00:00:00.005,3427.192,3429.266,3395.748,3405.941,0.0
2014-07-18 00:00:00.005,3397.634,3429.465,3394.606,3418.739,0.0
2014-07-21 00:00:00.005,3415.862,3422.909,3394.793,3401.336,0.0
2014-07-22 00:00:00.005,3395.971,3430.016,3390.582,3422.365,0.0
2014-07-23 00:00:00.005,3422.636,3444.181,3422.084,3434.28,0.0
2014-07-24 00:00:00.005,3435.443,3465.646,3428.109,3463.609,0.0
2014-07-25 00:00:00.005,3464.731,3502.79,3464.608,3502.147,0.0
2014-07-28 00:00:00.005,3512.203,3558.647,3511.34,3554.805,0.0
2014-07-29 00:00:00.005,3545.654,3562.955,3532.554,3551.941,0.0
2014-07-30 00:00:00.005,3541.027,3553.372,3530.085,3541.253,0.0
2014-07-31 00:00:00.005,3540.942,3565.169,3524.648,3563.578,0.0
2014-08-01 00:00:00.005,3557.518,3587.304,3537.358,3538.82,0.0
2014-08-04 00:00:00.005,3539.94,3606.661,3539.158,3605.855,0.0
2014-08-05 00:00:00.005,3603.478,3614.428,3588.196,3612.285,0.0
2014-08-06 00:00:00.005,3601.189,3619.582,3574.663,3612.792,0.0
2014-08-07 00:00:00.005,3611.13,3615.91,3558.173,3563.503,0.0
2014-08-08 00:00:00.005,3558.789,3572.771,3545.267,3563.696,0.0
2014-08-11 00:00:00.005,3571.219,3615.169,3571.219,3613.169,0.0
2014-08-12 00:00:00.005,3613.521,3616.492,3594.258,3614.712,0.0
2014-08-13 00:00:00.005,3619.318,3640.334,3593.969,3628.218,0.0
2014-08-14 00:00:00.005,3622.771,3656.542,3609.062,3613.941,0.0
2014-08-15 00:00:00.005,3612.908,3659.842,3604.668,3650.214,0.0
2014-08-18 00:00:00.005,3654.644,3680.813,3652.118,3680.302,0.0
2014-08-19 00:00:00.005,3681.034,3681.104,3645.827,3679.652,0.0
2014-08-20 00:00:00.005,3675.024,3702.081,3661.117,3692.245,0.0
2014-08-21 00:00:00.005,3692.241,3692.241,3635.272,3673.475,0.0
2014-08-22 00:00:00.005,3668.078,3711.096,3657.851,3706.199,0.0
2014-08-25 00:00:00.005,3705.579,3727.428,3666.493,3701.133,0.0
2014-08-26 00:00:00.005,3692.14,3714.153,3645.914,3660.193,0.0
2014-08-27 00:00:00.005,3651.062,3669.872,3648.397,3654.992,0.0
2014-08-28 00:00:00.005,3654.636,3663.681,3614.031,3624.798,0.0
2014-08-29 00:00:00.005,3628.032,3659.46,3613.853,3658.673,0.0
2014-09-01 00:00:00.005,3657.712,3693.857,3652.872,3693.367,0.0
2014-09-02 00:00:00.005,3705.017,3750.112,3698.623,3749.902,0.0
2014-09-03 00:00:00.005,3760.661,3797.459,3760.055,3784.585,0.0
2014-09-04 00:00:00.005,3784.985,3844.31,3775.709,3842.3,0.0
2014-09-05 00:00:00.005,3847.599,3925.692,3837.875,3921.591,0.0
2014-09-09 00:00:00.005,3928.137,3949.746,3920.769,3941.425,0.0
2014-09-10 00:00:00.005,3933.258,3941.09,3907.294,3937.515,0.0
2014-09-11 00:00:00.005,3930.261,3984.015,3913.692,3927.307,0.0
2014-09-12 00:00:00.005,3916.693,3976.396,3904.972,3974.889,0.0
2014-09-15 00:00:00.005,3968.8,4007.723,3956.458,4006.879,0.0
2014-09-16 00:00:00.005,4006.209,4060.531,3938.855,3940.551,0.0
2014-09-17 00:00:00.005,3939.332,3977.069,3906.662,3974.926,0.0
2014-09-18 00:00:00.005,3968.763,4002.378,3958.736,3988.237,0.0
2014-09-19 00:00:00.005,3984.195,4009.365,3962.488,4003.402,0.0
2014-09-22 00:00:00.005,3992.161,3998.549,3942.476,3954.455,0.0
2014-09-23 00:00:00.005,3950.738,3990.154,3949.008,3988.101,0.0
2014-09-24 00:00:00.005,3978.793,4043.091,3969.732,4038.887,0.0
2014-09-25 00:00:00.005,4048.337,4094.118,4041.097,4060.401,0.0
2014-09-26 00:00:00.005,4049.958,4069.265,4031.767,4065.633,0.0
2014-09-29 00:00:00.005,4070.238,4094.287,4068.813,4087.559,0.0
2014-09-30 00:00:00.005,4104.465,4108.354,4083.174,4102.465,0.0
2014-10-08 00:00:00.005,4119.613,4145.643,4088.628,4145.384,0.0
2014-10-09 00:00:00.005,4153.495,4171.598,4130.689,4164.431,0.0
2014-10-10 00:00:00.005,4152.938,4159.093,4126.1,4146.667,0.0
2014-10-13 00:00:00.005,4133.988,4135.538,4081.069,4115.448,0.0
2014-10-14 00:00:00.005,4105.239,4137.088,4080.745,4106.168,0.0
2014-10-15 00:00:00.005,4099.394,4145.07,4097.995,4144.144,0.0
2014-10-16 00:00:00.005,4119.783,4192.132,4104.438,4120.603,0.0
2014-10-17 00:00:00.005,4108.394,4117.476,4013.593,4064.998,0.0
2014-10-20 00:00:00.005,4071.513,4108.711,4060.251,4107.136,0.0
2014-10-21 00:00:00.005,4100.43,4124.719,4077.263,4081.794,0.0
2014-10-22 00:00:00.005,4078.935,4092.147,4040.855,4046.169,0.0
2014-10-23 00:00:00.005,4038.712,4046.865,3978.18,3984.123,0.0
2014-10-24 00:00:00.005,3983.465,4010.28,3978.745,3992.343,0.0
2014-10-27 00:00:00.005,3982.158,3996.771,3958.512,3989.427,0.0
2014-10-28 00:00:00.005,4001.994,4103.423,4001.924,4102.978,0.0
2014-10-29 00:00:00.005,4111.543,4218.407,4107.281,4198.546,0.0
2014-10-30 00:00:00.005,4194.725,4337.197,4183.165,4328.679,0.0
2014-10-31 00:00:00.005,4327.269,4340.587,4278.394,4331.2,0.0
2014-11-03 00:00:00.005,4335.809,4445.597,4332.502,4434.949,0.0
2014-11-04 00:00:00.005,4455.598,4512.226,4428.59,4487.437,0.0
2014-11-05 00:00:00.005,4505.401,4513.682,4450.807,4454.333,0.0
2014-11-06 00:00:00.005,4445.193,4483.903,4396.509,4481.333,0.0
2014-11-07 00:00:00.005,4502.341,4533.675,4423.089,4455.79,0.0
2014-11-10 00:00:00.005,4481.532,4602.322,4461.641,4600.932,0.0
2014-11-11 00:00:00.005,4613.7,4630.203,4463.377,4512.488,0.0
2014-11-12 00:00:00.005,4494.038,4594.719,4475.931,4593.841,0.0
2014-11-13 00:00:00.005,4592.981,4600.749,4534.052,4575.382,0.0
2014-11-14 00:00:00.005,4556.693,4556.693,4494.982,4535.082,0.0
2014-11-17 00:00:00.005,4592.769,4604.169,4523.595,4558.669,0.0
2014-11-18 00:00:00.005,4591.218,4593.259,4551.274,4570.8,0.0
2014-11-19 00:00:00.005,4561.936,4589.014,4545.64,4552.303,0.0
2014-11-20 00:00:00.005,4533.955,4555.604,4509.183,4547.589,0.0
2014-11-21 00:00:00.005,4546.412,4611.981,4536.748,4609.801,0.0
2014-11-24 00:00:00.005,4662.615,4741.457,4625.729,4724.165,0.0
2014-11-25 00:00:00.005,4721.958,4820.911,4706.332,4820.088,0.0
2014-11-26 00:00:00.005,4823.336,4848.494,4753.204,4817.645,0.0
2014-11-27 00:00:00.005,4829.349,4836.429,4754.44,4806.679,0.0
2014-11-28 00:00:00.005,4830.306,4892.543,4804.308,4891.931,0.0
2014-12-01 00:00:00.005,4907.622,4976.223,4887.956,4914.175,0.0
2014-12-02 00:00:00.005,4881.43,5028.591,4866.907,5007.749,0.0
2014-12-03 00:00:00.005,5026.581,5096.612,4943.398,5042.629,0.0
2014-12-04 00:00:00.005,5035.875,5158.936,5019.685,5157.132,0.0
2014-12-05 00:00:00.005,5183.23,5194.859,4940.342,5060.941,0.0
2014-12-08 00:00:00.005,5074.529,5339.353,5066.984,5338.622,0.0
2014-12-09 00:00:00.005,5375.872,5619.652,5169.016,5217.332,0.0
2014-12-10 00:00:00.005,5246.208,5490.273,5203.114,5487.592,0.0
2014-12-11 00:00:00.005,5563.273,5687.13,5515.273,5642.587,0.0
2014-12-12 00:00:00.005,5703.206,5709.37,5605.619,5669.392,0.0
2014-12-15 00:00:00.005,5662.675,5757.44,5580.376,5738.146,0.0
2014-12-16 00:00:00.005,5757.545,5809.749,5674.091,5808.207,0.0
2014-12-17 00:00:00.005,5830.195,5939.861,5748.624,5885.873,0.0
2014-12-18 00:00:00.005,5887.946,6030.301,5842.521,5968.669,0.0
2014-12-19 00:00:00.005,5982.239,6297.088,5962.195,6287.144,0.0
2014-12-22 00:00:00.005,6391.082,6472.913,6110.596,6187.06,0.0
2014-12-23 00:00:00.005,6116.912,6203.403,5920.704,5945.666,0.0
2014-12-24 00:00:00.005,5911.295,5970.699,5767.634,5846.335,0.0
2014-12-25 00:00:00.005,5864.389,6083.682,5820.964,6082.555,0.0
2014-12-26 00:00:00.005,6106.253,6256.006,6033.868,6219.247,0.0
2014-12-29 00:00:00.005,6216.155,6340.097,6156.632,6238.815,0.0
2014-12-30 00:00:00.005,6205.509,6224.262,6027.646,6096.95,0.0
2014-12-31 00:00:00.005,6100.633,6189.062,6042.878,6158.437,0.0
2015-01-05 00:00:00.005,6203.152,6340.675,6156.664,6317.957,0.0
2015-01-06 00:00:00.005,6303.918,6443.379,6248.133,6412.282,0.0
2015-01-07 00:00:00.005,6395.623,6439.491,6340.591,6427.534,0.0
2015-01-08 00:00:00.005,6406.347,6408.979,6229.357,6250.074,0.0
2015-01-09 00:00:00.005,6197.625,6408.171,6183.437,6209.052,0.0
2015-01-12 00:00:00.005,6148.197,6148.197,5959.321,6037.323,0.0
2015-01-13 00:00:00.005,6037.349,6096.486,6005.477,6043.084,0.0
2015-01-14 00:00:00.005,6054.954,6060.007,5900.243,5947.206,0.0
2015-01-15 00:00:00.005,5937.217,6103.456,5913.386,6102.55,0.0
2015-01-16 00:00:00.005,6115.522,6160.263,6086.304,6118.327,0.0
2015-01-19 00:00:00.005,5796.832,5906.791,5578.345,5612.0,0.0
2015-01-20 00:00:00.005,5617.464,5773.227,5615.165,5746.745,0.0
2015-01-21 00:00:00.005,5785.532,5963.387,5751.166,5955.009,0.0
2015-01-22 00:00:00.005,5950.136,5971.473,5881.257,5963.657,0.0
2015-01-23 00:00:00.005,5978.054,6068.046,5942.271,5982.353,0.0
2015-01-26 00:00:00.005,5976.955,6080.156,5929.722,6078.063,0.0
2015-01-27 00:00:00.005,6072.046,6100.732,5935.869,6089.986,0.0
2015-01-28 00:00:00.005,6040.404,6116.784,6011.868,6053.301,0.0
2015-01-29 00:00:00.005,5974.096,6082.282,5956.087,6036.499,0.0
2015-01-30 00:00:00.005,6050.917,6067.461,5897.976,5899.633,0.0
2015-02-02 00:00:00.005,5790.339,5790.339,5670.906,5685.832,0.0
2015-02-03 00:00:00.005,5717.756,5776.753,5665.98,5775.398,0.0
2015-02-04 00:00:00.005,5783.964,5846.657,5764.665,5800.091,0.0
2015-02-05 00:00:00.005,5881.685,5883.353,5678.259,5679.569,0.0
2015-02-06 00:00:00.005,5641.752,5646.978,5480.454,5522.977,0.0
2015-02-09 00:00:00.005,5502.413,5563.39,5482.441,5524.788,0.0
2015-02-10 00:00:00.005,5533.722,5665.489,5523.283,5662.732,0.0
2015-02-11 00:00:00.005,5674.834,5703.706,5656.984,5677.222,0.0
2015-02-12 00:00:00.005,5685.931,5779.095,5667.649,5751.032,0.0
2015-02-13 00:00:00.005,5758.869,5832.791,5752.208,5785.603,0.0
2015-02-16 00:00:00.005,5790.478,5870.833,5779.436,5861.632,0.0
2015-02-17 00:00:00.005,5871.105,5967.978,5869.489,5965.625,0.0
2015-02-25 00:00:00.005,5986.165,6028.237,5941.74,5973.325,0.0
2015-02-26 00:00:00.005,5970.045,6153.705,5947.852,6151.749,0.0
2015-02-27 00:00:00.005,6172.14,6239.526,6155.063,6215.679,0.0
2015-03-02 00:00:00.005,6271.536,6275.658,6181.799,6241.22,0.0
2015-03-03 00:00:00.005,6211.758,6239.208,6158.455,6167.085,0.0
2015-03-04 00:00:00.005,6143.251,6168.963,6098.205,6152.409,0.0
2015-03-05 00:00:00.005,6130.696,6130.696,5998.277,6075.531,0.0
2015-03-06 00:00:00.005,6061.983,6096.91,6021.547,6040.38,0.0
2015-03-09 00:00:00.005,5998.809,6104.994,5955.812,6103.694,0.0
2015-03-10 00:00:00.005,6096.946,6167.104,6081.386,6129.923,0.0
2015-03-11 00:00:00.005,6128.173,6206.417,6103.696,6127.856,0.0
2015-03-12 00:00:00.005,6138.697,6213.997,6117.528,6210.734,0.0
2015-03-13 00:00:00.005,6229.979,6341.676,6229.979,6325.268,0.0
2015-03-16 00:00:00.005,6373.635,6487.679,6343.793,6486.867,0.0
2015-03-17 00:00:00.005,6547.282,6730.718,6534.895,6689.013,0.0
2015-03-18 00:00:00.005,6743.699,6849.225,6717.652,6847.731,0.0
2015-03-19 00:00:00.005,6829.077,6995.628,6773.984,6957.558,0.0
2015-03-20 00:00:00.005,6955.721,6980.477,6872.329,6917.253,0.0
2015-03-23 00:00:00.005,6950.392,7100.604,6940.524,7098.713,0.0
2015-03-24 00:00:00.005,7105.147,7241.843,6902.465,7236.662,0.0
2015-03-25 00:00:00.005,7197.736,7231.131,7097.72,7140.279,0.0
2015-03-26 00:00:00.005,7097.564,7132.607,6989.13,7044.136,0.0
2015-03-27 00:00:00.005,7048.194,7152.031,7012.118,7119.287,0.0
2015-03-30 00:00:00.005,7194.021,7422.629,7193.967,7406.648,0.0
2015-03-31 00:00:00.005,7493.117,7524.146,7284.657,7293.542,0.0
2015-04-01 00:00:00.005,7303.328,7458.027,7293.548,7453.888,0.0
2015-04-02 00:00:00.005,7442.997,7470.609,7362.607,7463.573,0.0
2015-04-03 00:00:00.005,7419.368,7513.989,7388.547,7512.092,0.0
2015-04-07 00:00:00.005,7561.367,7696.698,7546.991,7695.49,0.0
2015-04-08 00:00:00.005,7709.362,7788.181,7608.298,7724.98,0.0
2015-04-09 00:00:00.005,7723.853,7727.604,7423.911,7543.626,0.0
2015-04-10 00:00:00.005,7529.399,7697.034,7488.47,7695.291,0.0
2015-04-13 00:00:00.005,7737.062,7970.6,7737.062,7942.853,0.0
2015-04-14 00:00:00.005,7975.885,8267.237,7902.78,8195.442,0.0
2015-04-15 00:00:00.005,8236.477,8468.58,8142.683,8206.989,0.0
2015-04-16 00:00:00.005,8073.354,8370.897,7904.608,8294.362,0.0
2015-04-17 00:00:00.005,8368.268,8734.027,8368.268,8666.089,0.0
2015-04-20 00:00:00.005,8664.05,9051.962,8507.29,8834.697,0.0
2015-04-21 00:00:00.005,8775.572,8911.963,8577.7,8803.647,0.0
2015-04-22 00:00:00.005,8820.203,8996.046,8724.804,8954.7,0.0
2015-04-23 00:00:00.005,8978.091,9032.924,8874.637,8988.635,0.0
2015-04-24 00:00:00.005,8955.555,9195.72,8896.95,9131.22,0.0
2015-04-27 00:00:00.005,9280.664,9507.32,9205.935,9493.267,0.0
2015-04-28 00:00:00.005,9470.274,9596.877,9284.645,9389.713,0.0
2015-04-29 00:00:00.005,9345.395,9475.628,9140.722,9355.542,0.0
2015-04-30 00:00:00.005,9372.312,9549.207,9368.149,9385.616,0.0
2015-05-04 00:00:00.005,9425.76,9572.319,9330.61,9536.648,0.0
2015-05-05 00:00:00.005,9547.857,9548.637,8950.486,8979.951,0.0
2015-05-06 00:00:00.005,8947.613,9057.878,8527.007,8662.358,0.0
2015-05-07 00:00:00.005,8558.023,8574.904,8147.438,8156.218,0.0
2015-05-08 00:00:00.005,8225.54,8468.98,8145.838,8466.304,0.0
2015-05-11 00:00:00.005,8535.631,8754.956,8426.664,8752.157,0.0
2015-05-12 00:00:00.005,8769.561,8986.191,8692.424,8984.95,0.0
2015-05-13 00:00:00.005,8971.077,8993.744,8782.831,8849.809,0.0
2015-05-14 00:00:00.005,8827.75,8863.577,8690.916,8816.705,0.0
2015-05-15 00:00:00.005,8776.638,8778.746,8520.465,8599.009,0.0
2015-05-18 00:00:00.005,8534.984,8602.476,8460.124,8466.441,0.0
2015-05-19 00:00:00.005,8495.362,8813.371,8495.362,8805.31,0.0
2015-05-20 00:00:00.005,8856.759,9044.234,8832.339,8886.513,0.0
2015-05-21 00:00:00.005,8899.865,9112.935,8874.375,9110.508,0.0
2015-05-22 00:00:00.005,9245.886,9395.233,9132.561,9389.301,0.0
2015-05-25 00:00:00.005,9407.996,9905.484,9406.505,9900.917,0.0
2015-05-26 00:00:00.005,10005.67,10046.84,9704.607,10027.14,0.0
2015-05-27 00:00:00.005,10050.19,10117.83,9871.627,10059.22,0.0
2015-05-28 00:00:00.005,10030.94,10140.62,9313.074,9321.061,0.0
2015-05-29 00:00:00.005,9270.49,9409.982,8776.9,9209.019,0.0
2015-06-01 00:00:00.005,9240.229,9757.417,9228.687,9755.928,0.0
2015-06-02 00:00:00.005,9831.657,9996.79,9748.323,9994.358,0.0
2015-06-03 00:00:00.005,10020.74,10091.08,9789.069,10026.56,0.0
2015-06-04 00:00:00.005,10014.84,10021.66,9296.738,9954.973,0.0
2015-06-05 00:00:00.005,10105.38,10326.48,9926.705,10322.95,0.0
2015-06-08 00:00:00.005,10397.07,10598.37,10273.78,10569.4,0.0
2015-06-09 00:00:00.005,10604.71,10604.71,10313.07,10490.31,0.0
2015-06-10 00:00:00.005,10320.1649,10638.8316,10178.3642,10486.0491,0.0
2015-06-11 00:00:00.005,10448.3369,10526.6005,10354.5759,10523.6954,0.0
2015-06-12 00:00:00.005,10566.2193,10664.0171,10485.6507,10609.4897,0.0
2015-06-15 00:00:00.005,10646.3078,10758.2957,10489.1216,10537.6314,0.0
2015-06-16 00:00:00.005,10392.7306,10409.0557,9889.63,10005.4009,0.0
2015-06-17 00:00:00.005,9965.8078,10302.3626,9650.8181,10263.6671,0.0
2015-06-18 00:00:00.005,10236.8342,10454.2544,10021.6521,10036.8515,0.0
2015-06-19 00:00:00.005,9713.5971,9875.8956,9159.3959,9174.6238,0.0
2015-06-23 00:00:00.005,9157.6479,9404.9685,8553.5769,9401.0409,0.0
2015-06-24 00:00:00.005,9486.034,9851.5424,9472.7307,9844.2799,0.0
2015-06-25 00:00:00.005,9889.5007,9954.6769,9414.4721,9537.5842,0.0
2015-06-26 00:00:00.005,9265.3562,9463.8621,8771.0993,8862.0728,0.0
2015-06-29 00:00:00.005,9134.9002,9148.7947,8184.8797,8612.1371,0.0
2015-06-30 00:00:00.005,8523.7295,9055.8496,7951.928,9041.1076,0.0
2015-07-01 00:00:00.005,8897.1226,9177.8119,8468.5685,8471.5452,0.0
2015-07-02 00:00:00.005,8412.7744,8494.1455,7767.2515,7836.5583,0.0
2015-07-03 00:00:00.005,7510.9942,7854.683,7124.4314,7192.2569,0.0
2015-07-06 00:00:00.005,7843.6088,7843.6088,6917.2579,7229.8028,0.0
2015-07-07 00:00:00.005,6982.9836,7148.4828,6748.187,7064.5522,0.0
2015-07-08 00:00:00.005,6498.3937,6778.8665,6426.1137,6609.1561,0.0
2015-07-09 00:00:00.005,6385.6584,7190.3137,6315.5173,7190.0735,0.0
2015-07-10 00:00:00.005,7340.2912,7844.3449,7271.9156,7816.2082,0.0
2015-07-13 00:00:00.005,8028.9271,8382.1096,7895.0366,8287.9594,0.0
2015-07-14 00:00:00.005,8220.7114,8482.117,7918.1831,8015.8917,0.0
2015-07-15 00:00:00.005,7853.8157,7890.8979,7333.5102,7471.73,0.0
2015-07-16 00:00:00.005,7365.3575,7833.2922,7204.5878,7630.4767,0.0
2015-07-17 00:00:00.005,7675.5851,8118.2766,7618.8567,8013.072,0.0
2015-07-20 00:00:00.005,7994.5618,8178.8369,7852.9618,8085.6449,0.0
2015-07-21 00:00:00.005,7969.5196,8406.4226,7887.5662,8341.8311,0.0
2015-07-22 00:00:00.005,8312.3079,8375.1973,8054.0945,8291.2887,0.0
2015-07-23 00:00:00.005,8257.4256,8547.8999,8234.8934,8501.1406,0.0
2015-07-24 00:00:00.005,8493.1771,8640.4714,8261.4902,8340.8096,0.0
2015-07-27 00:00:00.005,8125.139,8332.0419,7578.1212,7580.9114,0.0
2015-07-28 00:00:00.005,7221.5646,7651.9474,6952.3357,7390.4954,0.0
2015-07-29 00:00:00.005,7480.4185,7836.0208,7348.5427,7818.9798,0.0
2015-07-30 00:00:00.005,7739.7108,7941.7144,7482.3917,7539.3446,0.0
2015-07-31 00:00:00.005,7440.6457,7633.4603,7378.6125,7477.5676,0.0
2015-08-03 00:00:00.005,7406.3298,7558.8285,7275.0419,7502.764,0.0
2015-08-04 00:00:00.005,7531.1433,7841.0107,7433.9434,7840.7237,0.0
2015-08-05 00:00:00.005,7809.7251,7924.2469,7632.6572,7704.3267,0.0
2015-08-06 00:00:00.005,7519.2775,7719.1042,7491.5296,7604.224,0.0
2015-08-07 00:00:00.005,7685.684,7838.1605,7673.015,7795.1765,0.0
2015-08-10 00:00:00.005,7977.7993,8366.0704,7959.6133,8320.855,0.0
2015-08-11 00:00:00.005,8333.2137,8383.3488,8161.7215,8222.4527,0.0
2015-08-12 00:00:00.005,8068.4489,8284.0328,8037.0853,8145.6422,0.0
2015-08-13 00:00:00.005,8091.571,8360.8305,8081.1059,8359.0494,0.0
2015-08-14 00:00:00.005,8424.1413,8515.1935,8330.6222,8382.5619,0.0
2015-08-17 00:00:00.005,8370.9829,8577.657,8247.4482,8575.4071,0.0
2015-08-18 00:00:00.005,8572.9401,8589.0973,7785.1474,7794.1289,0.0
2015-08-19 00:00:00.005,7552.118,8056.9917,7388.8378,7992.6101,0.0
2015-08-20 00:00:00.005,7875.6122,8011.0355,7698.8596,7703.5315,0.0
2015-08-21 00:00:00.005,7579.9212,7700.4118,7228.1577,7289.2033,0.0
2015-08-24 00:00:00.005,6962.4709,6997.9381,6595.6851,6615.1206,0.0
2015-08-25 00:00:00.005,6115.071,6398.0035,6061.735,6089.9512,0.0
2015-08-26 00:00:00.005,6128.4236,6353.454,5777.6469,5867.7109,0.0
2015-08-27 00:00:00.005,6005.6039,6220.3328,5792.6643,6215.0745,0.0
2015-08-28 00:00:00.005,6330.8176,6680.3305,6261.4683,6675.2409,0.0
2015-08-31 00:00:00.005,6609.1433,6687.972,6388.8442,6682.3433,0.0
2015-09-01 00:00:00.005,6534.8152,6589.495,6226.4644,6524.7508,0.0
2015-09-02 00:00:00.005,6208.912,6658.7112,6174.5603,6567.6631,0.0
2015-09-07 00:00:00.005,6580.1364,6801.5777,6377.5512,6402.62,0.0
2015-09-08 00:00:00.005,6352.3366,6641.9503,6218.0161,6623.7776,0.0
2015-09-09 00:00:00.005,6670.6002,6839.8122,6630.3296,6774.8801,0.0
2015-09-10 00:00:00.005,6651.3345,6771.3794,6605.2344,6636.0001,0.0
2015-09-11 00:00:00.005,6622.3701,6715.6017,6556.3096,6663.707,0.0
2015-09-14 00:00:00.005,6783.277,6809.5109,6258.1276,6487.4579,0.0
2015-09-15 00:00:00.005,6301.4274,6408.9558,6094.2863,6145.7593,0.0
2015-09-16 00:00:00.005,6159.0895,6653.1297,6124.2453,6574.0843,0.0
2015-09-17 00:00:00.005,6543.8724,6753.6687,6414.0239,6414.2075,0.0
2015-09-18 00:00:00.005,6475.6153,6534.8411,6390.6173,6478.1955,0.0
2015-09-21 00:00:00.005,6442.6856,6644.6854,6406.5201,6632.6615,0.0
2015-09-22 00:00:00.005,6644.7005,6747.8922,6600.1264,6675.5921,0.0
2015-09-23 00:00:00.005,6566.2574,6634.1626,6473.48,6493.3494,0.0
2015-09-24 00:00:00.005,6530.6106,6581.15,6480.0164,6564.132,0.0
2015-09-25 00:00:00.005,6535.5371,6595.353,6373.8277,6433.8867,0.0
2015-09-28 00:00:00.005,6439.8003,6459.3522,6309.664,6445.9733,0.0
2015-09-29 00:00:00.005,6341.5484,6379.1039,6263.917,6293.4538,0.0
2015-09-30 00:00:00.005,6338.5036,6365.1549,6293.6208,6307.6262,0.0
2015-10-08 00:00:00.005,6512.5388,6571.2844,6470.6499,6512.7986,0.0
2015-10-09 00:00:00.005,6516.6154,6603.4266,6481.164,6574.0273,0.0
2015-10-12 00:00:00.005,6600.1976,6919.099,6595.6296,6855.2264,0.0
2015-10-13 00:00:00.005,6791.279,6912.98,6777.2883,6906.8932,0.0
2015-10-14 00:00:00.005,6876.6221,6923.4758,6793.1865,6793.1865,0.0
2015-10-15 00:00:00.005,6782.1763,6979.2356,6780.4331,6978.2888,0.0
2015-10-16 00:00:00.005,7044.3796,7162.9445,7001.4115,7154.249,0.0
2015-10-19 00:00:00.005,7185.1015,7236.2473,7040.1611,7123.4789,0.0
2015-10-20 00:00:00.005,7109.9345,7276.7614,7045.3666,7273.0258,0.0
2015-10-21 00:00:00.005,7305.1292,7415.7119,6872.0695,6977.0124,0.0
2015-10-22 00:00:00.005,6945.0604,7183.8065,6882.8934,7153.1825,0.0
2015-10-23 00:00:00.005,7146.0686,7231.0494,7065.2681,7200.8302,0.0
2015-10-26 00:00:00.005,7284.1119,7295.7804,7165.0342,7226.9006,0.0
2015-10-27 00:00:00.005,7178.3101,7233.8044,6955.7417,7205.9257,0.0
2015-10-28 00:00:00.005,7167.4846,7254.3308,7039.9841,7064.2326,0.0
2015-10-29 00:00:00.005,7089.3631,7162.8459,7030.3577,7103.8325,0.0
2015-10-30 00:00:00.005,7089.5892,7169.4371,7016.5565,7095.6544,0.0
2015-11-02 00:00:00.005,6998.0826,7125.5664,6965.5754,6983.7677,0.0
2015-11-03 00:00:00.005,6992.6722,7024.236,6916.624,6957.1465,0.0
2015-11-04 00:00:00.005,6964.7875,7260.8404,6964.7875,7259.4055,0.0
2015-11-05 00:00:00.005,7264.9933,7639.6766,7251.0426,7471.2994,0.0
2015-11-06 00:00:00.005,7412.4344,7569.3475,7389.2542,7554.7923,0.0
2015-11-09 00:00:00.005,7525.67,7713.8387,7518.0501,7644.876,0.0
2015-11-10 00:00:00.005,7570.5471,7620.635,7508.376,7554.9439,0.0
2015-11-11 00:00:00.005,7554.3363,7588.3146,7498.9485,7585.4239,0.0
2015-11-12 00:00:00.005,7593.0927,7597.3739,7475.3528,7532.0609,0.0
2015-11-13 00:00:00.005,7474.401,7580.6181,7435.3205,7466.2788,0.0
2015-11-16 00:00:00.005,7340.126,7512.2642,7315.7801,7508.7621,0.0
2015-11-17 00:00:00.005,7560.4405,7652.8819,7473.7963,7488.4379,0.0
2015-11-18 00:00:00.005,7492.4355,7511.4879,7351.136,7366.6833,0.0
2015-11-19 00:00:00.005,7383.048,7467.448,7346.521,7465.265,0.0
2015-11-20 00:00:00.005,7486.2033,7516.3046,7446.0999,7488.6114,0.0
2015-11-23 00:00:00.005,7490.2109,7546.0808,7411.5427,7441.1855,0.0
2015-11-24 00:00:00.005,7423.2185,7435.4142,7307.4427,7409.1054,0.0
2015-11-25 00:00:00.005,7393.2077,7438.8347,7374.1527,7437.0579,0.0
2015-11-26 00:00:00.005,7462.5976,7482.2757,7368.1086,7373.5241,0.0
2015-11-27 00:00:00.005,7343.1544,7352.1652,6829.8302,6890.8349,0.0
2015-11-30 00:00:00.005,6901.5011,6964.786,6593.8271,6848.6421,0.0
2015-12-01 00:00:00.005,6865.0216,6991.9732,6841.986,6939.5454,0.0
2015-12-02 00:00:00.005,6925.2812,7090.0206,6858.3076,7080.0172,0.0
2015-12-03 00:00:00.005,7070.4622,7136.5093,7038.0053,7122.3583,0.0
2015-12-04 00:00:00.005,7079.0819,7101.4042,6975.7436,7009.6743,0.0
2015-12-07 00:00:00.005,7015.7452,7059.2774,6987.2406,7050.3559,0.0
2015-12-08 00:00:00.005,7031.2663,7043.7823,6879.6635,6889.7844,0.0
2015-12-09 00:00:00.005,6855.6153,6909.9505,6828.9235,6865.1881,0.0
2015-12-10 00:00:00.005,6869.3022,6916.3416,6831.3644,6843.0902,0.0
2015-12-11 00:00:00.005,6823.2732,6832.3748,6757.2415,6792.4341,0.0
2015-12-14 00:00:00.005,6742.5275,6978.7796,6728.8914,6976.0099,0.0
2015-12-15 00:00:00.005,6977.0587,7001.37,6925.5524,6952.6011,0.0
2015-12-16 00:00:00.005,6962.7585,6986.8749,6929.0271,6941.5928,0.0
2015-12-17 00:00:00.005,6988.4295,7074.1853,6985.0891,7064.7538,0.0
2015-12-18 00:00:00.005,7079.0325,7163.2687,7073.0061,7090.59,0.0
2015-12-21 00:00:00.005,7074.238,7229.171,7068.521,7207.441,0.0
2015-12-22 00:00:00.005,7227.197,7232.7564,7141.2969,7211.4695,0.0
2015-12-23 00:00:00.005,7213.2574,7242.0267,7161.2858,7174.4064,0.0
2015-12-24 00:00:00.005,7155.8379,7172.968,7021.4438,7093.6283,0.0
2015-12-25 00:00:00.005,7098.7363,7154.0819,7080.3381,7141.7179,0.0
2015-12-28 00:00:00.005,7164.0098,7180.0043,6982.3272,6984.5487,0.0
2015-12-29 00:00:00.005,6970.5666,7030.6217,6937.3055,7030.0744,0.0
2015-12-30 00:00:00.005,7034.6026,7050.5895,6987.0043,7047.6638,0.0
2015-12-31 00:00:00.005,7040.6519,7064.2182,6990.852,6990.852,0.0
2016-01-04 00:00:00.005,6979.9029,6985.7769,6480.2519,6482.961,0.0
2016-01-05 00:00:00.005,6296.5209,6547.6634,6261.1474,6447.8536,0.0
2016-01-06 00:00:00.005,6459.6061,6600.1902,6459.6061,6600.0855,0.0
2016-01-07 00:00:00.005,6502.8606,6502.8606,6092.4902,6106.8442,0.0
2016-01-08 00:00:00.005,6254.8316,6321.6965,5970.5721,6226.2051,0.0
2016-01-11 00:00:00.005,6139.4054,6281.3869,5951.0649,5952.2694,0.0
2016-01-12 00:00:00.005,6009.8178,6048.6135,5886.4911,5977.3081,0.0
2016-01-13 00:00:00.005,6024.6211,6051.6421,5811.1586,5811.9741,0.0
2016-01-14 00:00:00.005,5665.743,5919.9914,5657.1031,5904.9628,0.0
2016-01-15 00:00:00.005,5872.091,5878.1273,5608.7368,5640.3794,0.0
2016-01-18 00:00:00.005,5554.0091,5737.4574,5535.8651,5665.2716,0.0
2016-01-19 00:00:00.005,5665.8929,5913.8163,5642.4106,5903.9555,0.0
2016-01-20 00:00:00.005,5922.059,6011.3442,5871.7228,5942.0381,0.0
2016-01-21 00:00:00.005,5835.3119,5936.7867,5704.0157,5704.5085,0.0
2016-01-22 00:00:00.005,5759.2673,5818.6734,5623.3047,5774.9524,0.0
2016-01-25 00:00:00.005,5797.7028,5838.1346,5748.3205,5795.1872,0.0
2016-01-26 00:00:00.005,5744.3746,5751.6494,5366.5512,5376.9761,0.0
2016-01-27 00:00:00.005,5378.8582,5423.3623,5098.859,5289.7681,0.0
2016-01-28 00:00:00.005,5240.4777,5291.1961,5077.4952,5092.9596,0.0
2016-01-29 00:00:00.005,5090.5535,5300.9145,5090.5535,5265.4272,0.0
2016-02-01 00:00:00.005,5255.9999,5257.6892,5124.5504,5185.5774,0.0
2016-02-02 00:00:00.005,5191.7837,5340.8618,5190.7672,5309.1517,0.0
2016-02-03 00:00:00.005,5256.9156,5316.6366,5216.6513,5298.8662,0.0
2016-02-04 00:00:00.005,5311.7825,5391.6143,5311.7825,5365.2862,0.0
2016-02-05 00:00:00.005,5367.4559,5405.9211,5340.6867,5342.9038,0.0
2016-02-15 00:00:00.005,5195.1243,5335.07,5180.5118,5305.1309,0.0
2016-02-16 00:00:00.005,5333.2773,5483.3581,5332.0011,5470.7066,0.0
2016-02-17 00:00:00.005,5460.3367,5576.7855,5449.9686,5569.353,0.0
2016-02-18 00:00:00.005,5583.25,5595.4822,5530.0069,5543.4472,0.0
2016-02-19 00:00:00.005,5527.4899,5557.5273,5497.171,5533.9002,0.0
2016-02-22 00:00:00.005,5564.4502,5645.8439,5543.5544,5633.3617,0.0
2016-02-23 00:00:00.005,5621.8157,5633.2835,5502.2199,5567.6152,0.0
2016-02-24 00:00:00.005,5540.8629,5657.2242,5513.2304,5656.9508,0.0
2016-02-25 00:00:00.005,5630.0831,5630.3748,5180.4356,5217.5269,0.0
2016-02-26 00:00:00.005,5258.8905,5305.4132,5161.7907,5275.9803,0.0
2016-02-29 00:00:00.005,5251.7932,5252.5865,4962.1918,5062.3513,0.0
2016-03-01 00:00:00.005,5082.247,5175.9744,5014.1144,5149.5089,0.0
2016-03-02 00:00:00.005,5161.7826,5400.3908,5157.0638,5400.3801,0.0
2016-03-03 00:00:00.005,5391.4888,5458.7886,5374.991,5410.7351,0.0
2016-03-04 00:00:00.005,5384.5167,5445.2674,5302.2325,5437.0547,0.0
2016-03-07 00:00:00.005,5471.4243,5520.2024,5416.7077,5476.1758,0.0
2016-03-08 00:00:00.005,5452.6413,5479.5872,5249.1372,5477.5842,0.0
2016-03-09 00:00:00.005,5359.3053,5404.3026,5298.9408,5404.3026,0.0
2016-03-10 00:00:00.005,5370.0396,5404.9632,5286.8353,5288.2251,0.0
2016-03-11 00:00:00.005,5252.4108,5311.1413,5228.9273,5290.9179,0.0
2016-03-14 00:00:00.005,5338.4569,5467.6778,5332.6665,5413.7439,0.0
2016-03-15 00:00:00.005,5406.1209,5438.5973,5338.1623,5435.3982,0.0
2016-03-16 00:00:00.005,5423.8218,5462.3879,5414.4296,5439.273,0.0
2016-03-17 00:00:00.005,5452.8267,5525.2671,5413.7093,5504.7125,0.0
2016-03-18 00:00:00.005,5518.429,5625.382,5508.887,5585.314,0.0
2016-03-21 00:00:00.005,5628.1024,5771.0423,5618.1152,5724.7118,0.0
2016-03-22 00:00:00.005,5685.4249,5721.2783,5654.6611,5681.5846,0.0
2016-03-23 00:00:00.005,5659.5756,5697.9966,5626.7632,5675.9995,0.0
2016-03-24 00:00:00.005,5637.8638,5671.3489,5591.2657,5592.7985,0.0
2016-03-25 00:00:00.005,5593.6284,5652.0678,5587.1546,5651.2805,0.0
2016-03-28 00:00:00.005,5675.9893,5705.8941,5595.3941,5618.9259,0.0
2016-03-29 00:00:00.005,5620.5473,5632.0243,5498.5813,5528.1119,0.0
2016-03-30 00:00:00.005,5565.4077,5674.6053,5565.4077,5674.2027,0.0
2016-03-31 00:00:00.005,5707.5018,5783.4243,5688.0787,5745.2824,0.0
2016-04-01 00:00:00.005,5725.8238,5778.9575,5663.2158,5768.7408,0.0
2016-04-05 00:00:00.005,5752.084,5871.8836,5725.8301,5857.9757,0.0
2016-04-06 00:00:00.005,5826.4515,5847.5138,5782.8016,5826.9869,0.0
2016-04-07 00:00:00.005,5841.309,5850.8871,5732.6559,5735.8685,0.0
2016-04-08 00:00:00.005,5700.7477,5709.6198,5632.3714,5684.2497,0.0
2016-04-11 00:00:00.005,5724.2982,5797.3756,5724.2982,5772.8148,0.0
2016-04-12 00:00:00.005,5762.8353,5775.9928,5685.5815,5734.1554,0.0
2016-04-13 00:00:00.005,5758.2447,5859.9801,5758.2447,5809.1633,0.0
2016-04-14 00:00:00.005,5838.287,5855.8607,5787.326,5840.6463,0.0
2016-04-15 00:00:00.005,5838.8702,5852.9236,5793.3934,5811.9798,0.0
2016-04-18 00:00:00.005,5789.9371,5789.9371,5705.4977,5720.8299,0.0
2016-04-19 00:00:00.005,5743.5768,5760.8324,5699.6333,5733.7912,0.0
2016-04-20 00:00:00.005,5741.2354,5749.6458,5436.1928,5562.6466,0.0
2016-04-21 00:00:00.005,5531.57,5569.171,5479.53,5486.1349,0.0
2016-04-22 00:00:00.005,5457.5694,5495.7247,5428.4246,5493.2145,0.0
2016-04-25 00:00:00.005,5477.9965,5484.0264,5412.7413,5472.0241,0.0
2016-04-26 00:00:00.005,5468.0541,5510.8456,5457.3968,5508.606,0.0
2016-04-27 00:00:00.005,5506.6815,5523.9204,5471.4759,5481.3646,0.0
2016-04-28 00:00:00.005,5486.7461,5493.7651,5402.0898,5452.1256,0.0
2016-04-29 00:00:00.005,5439.3133,5457.6595,5422.0681,5436.122,0.0
2016-05-03 00:00:00.005,5444.0223,5539.7128,5423.2229,5538.5864,0.0
2016-05-04 00:00:00.005,5522.1778,5603.4865,5513.8683,5579.587,0.0
2016-05-05 00:00:00.005,5573.226,5606.6554,5563.8734,5594.199,0.0
2016-05-06 00:00:00.005,5597.8956,5611.0171,5441.7356,5441.8931,0.0
2016-05-09 00:00:00.005,5413.3212,5413.3212,5275.8315,5287.3267,0.0
2016-05-10 00:00:00.005,5285.0415,5349.6246,5282.9701,5312.8737,0.0
2016-05-11 00:00:00.005,5329.701,5420.6451,5272.2778,5368.703,0.0
2016-05-12 00:00:00.005,5315.2784,5387.8395,5251.922,5366.8595,0.0
2016-05-13 00:00:00.005,5344.4097,5387.8072,5312.5832,5336.8022,0.0
2016-05-16 00:00:00.005,5319.2969,5377.9976,5280.819,5376.5829,0.0
2016-05-17 00:00:00.005,5374.4174,5375.6938,5320.1724,5339.8164,0.0
2016-05-18 00:00:00.005,5315.0674,5315.5122,5200.2765,5259.7242,0.0
2016-05-19 00:00:00.005,5250.0881,5303.4833,5243.8746,5253.7775,0.0
2016-05-20 00:00:00.005,5231.2607,5282.2258,5217.1574,5280.5694,0.0
